statement ok
start transaction

statement ok
create table bug3519(a boolean)

statement ok
insert into bug3519 values (true),(false),(TRUE),(FALSE)

statement ok
insert into bug3519 values ('true'),('false')

statement ok
insert into bug3519 values (1),(0),(NULL),('1'),('0')

statement ok
COPY 5 RECORDS INTO bug3519 FROM stdin NULL as ''
<COPY_INTO_DATA>
true
false
1
0
.

query T nosort
select * from bug3519
----
True
False
True
False
True
False
True
False
NULL
True
False
True
False
True
False
NULL

statement ok
insert into bug3519 values ('TRUE'),('FALSE')

statement ok
COPY 2 RECORDS INTO bug3519 FROM stdin
<COPY_INTO_DATA>
TRUE
FALSE

query T nosort
select * from bug3519
----
True
False
True
False
True
False
True
False
NULL
True
False
True
False
True
False
NULL
True
False
True
False

statement ok
rollback


