statement ok
create table testdec(testdec decimal(4,4))

statement ok
drop table testdec

statement ok
create table testdec(testdec decimal(5,4))

statement ok
insert into testdec values (0.12345)

query R rowsort
select * from testdec
----
0.123

statement error
PREPARE INSERT INTO testdec (testdec) values (?)

statement error
exec **(0.12345)

query R rowsort
select * from testdec
----
0.123

statement ok
drop table testdec


