statement ok
create table f2774 (i int, f float)

statement ok
create table d2774 (i int, d double)

query IR rowsort
select * from f2774
----

query IR rowsort
select * from d2774
----

statement ok
insert into f2774 values (300,1e-300)

statement ok
insert into d2774 values (300,1e-300)

statement ok
insert into f2774 values (302,1e-302)

statement ok
insert into d2774 values (302,1e-302)

statement ok
insert into f2774 values (304,1e-304)

statement ok
insert into d2774 values (304,1e-304)

statement ok
insert into f2774 values (306,1e-306)

statement ok
insert into d2774 values (306,1e-306)

statement ok
insert into f2774 values (307,1e-307)

statement ok
insert into d2774 values (307,1e-307)

statement ok
insert into f2774 values (308,1e-308)

statement ok
insert into d2774 values (308,1e-308)

statement ok
insert into f2774 values (310,1e-310)

statement ok
insert into d2774 values (310,1e-310)

statement ok
insert into f2774 values (312,1e-312)

statement ok
insert into d2774 values (312,1e-312)

statement ok
insert into f2774 values (314,1e-314)

statement ok
insert into d2774 values (314,1e-314)

statement ok
insert into f2774 values (316,1e-316)

statement ok
insert into d2774 values (316,1e-316)

statement ok
insert into f2774 values (318,1e-318)

statement ok
insert into d2774 values (318,1e-318)

statement ok
insert into f2774 values (320,1e-320)

statement ok
insert into d2774 values (320,1e-320)

statement ok
insert into f2774 values (322,1e-322)

statement ok
insert into d2774 values (322,1e-322)

statement ok
insert into f2774 values (323,1e-323)

statement ok
insert into d2774 values (323,1e-323)

statement ok
insert into f2774 values (324,1e-324)

statement ok
insert into d2774 values (324,1e-324)

statement ok
insert into f2774 values (326,1e-326)

statement ok
insert into d2774 values (326,1e-326)

statement ok
insert into f2774 values (328,1e-328)

statement ok
insert into d2774 values (328,1e-328)

statement ok
insert into f2774 values (330,1e-330)

statement ok
insert into d2774 values (330,1e-330)

query IR rowsort
select * from f2774
----
36 values hashing to 2580a73880058494c11dd3c3af9965f7

query IR rowsort
select * from d2774
----
36 values hashing to 2580a73880058494c11dd3c3af9965f7

statement ok
delete from f2774

statement ok
delete from d2774

query IR rowsort
select * from f2774
----

query IR rowsort
select * from d2774
----

statement ok
copy 18 records into f2774 from stdin using delimiters ',',E'\n'

statement error
300,1e-300
302,1e-302
304,1e-304
306,1e-306
307,1e-307
308,1e-308
310,1e-310
312,1e-312
314,1e-314
316,1e-316
318,1e-318
320,1e-320
322,1e-322
323,1e-323
324,1e-324
326,1e-326
328,1e-328
330,1e-330
copy 18 records into d2774 from stdin using delimiters ',',E'\n'

statement error
300,1e-300
302,1e-302
304,1e-304
306,1e-306
307,1e-307
308,1e-308
310,1e-310
312,1e-312
314,1e-314
316,1e-316
318,1e-318
320,1e-320
322,1e-322
323,1e-323
324,1e-324
326,1e-326
328,1e-328
330,1e-330
select * from f2774

query IR rowsort
select * from d2774
----

statement ok
delete from f2774

statement ok
delete from d2774

query IR rowsort
select * from f2774
----

query IR rowsort
select * from d2774
----

statement ok
copy 9 records into f2774 from stdin using delimiters ',',E'\n'

statement error
300,1e-300
302,1e-302
304,1e-304
306,1e-306
307,1e-307
324,1e-324
326,1e-326
328,1e-328
330,1e-330
copy 9 records into d2774 from stdin using delimiters ',',E'\n'

statement error
300,1e-300
302,1e-302
304,1e-304
306,1e-306
307,1e-307
324,1e-324
326,1e-326
328,1e-328
330,1e-330
select * from f2774

query IR rowsort
select * from d2774
----

statement ok
drop table f2774

statement ok
drop table d2774


