query T rowsort
SELECT INTERVAL '3' YEAR
----
(empty)

query T rowsort
SELECT INTERVAL '7' MONTH
----
(empty)

query T rowsort
SELECT INTERVAL '3-7' YEAR TO MONTH
----
(empty)

query T rowsort
SELECT INTERVAL -'3-7' YEAR TO MONTH
----
4

query T rowsort
SELECT INTERVAL +'0-0' YEAR TO MONTH
----
(empty)

query T rowsort
SELECT INTERVAL -'0-0' YEAR TO MONTH
----
(empty)

query T rowsort
SELECT INTERVAL '1 23:45:12' DAY TO SECOND
----
71912.00

