statement ok
create table boolean_test (b boolean not null, i int not null)

statement ok
insert into boolean_test (b, i) values (true, 1), (true, 2), (true, 3), (true, 4)

query TI rowsort
select * from boolean_test
----
True
1
True
2
True
3
True
4

query TI rowsort
select * from boolean_test where b and (i < 3)
----
True
1
True
2

query TI rowsort
select * from boolean_test where b = true and (i < 3)
----
True
1
True
2

statement ok
drop table boolean_test


