statement ok
CREATE TABLE test (x int, y int)

statement ok
insert into test (x, y) VALUES (1, 1)

statement ok
insert into test (x, y) VALUES (1, 2)

query IIII rowsort
SELECT *
FROM (
	    SELECT a1.x, a1.y, a2.x, a2.y
	    FROM ( SELECT * FROM test) AS a1 JOIN
		 ( SELECT * FROM test) AS a2
		ON a1.x = a2.x
	) AS t
----
16 values hashing to 3eca16e9cfb8a195b29ff52eed7ee064

query IIII rowsort
SELECT *
FROM (
	SELECT a1.x AS x1, a1.y AS y1, a2.x AS x2, a2.y AS y2
	FROM ( SELECT * FROM test) AS a1 JOIN
	     ( SELECT * FROM test) AS a2
	    ON a1.x = a2.x
	) AS t
----
16 values hashing to 3eca16e9cfb8a195b29ff52eed7ee064

statement ok
drop table test


