statement ok
start transaction

statement ok
create table t_str(s string, t string)

statement ok
copy 1 records into t_str from stdin delimiters ',',E'\n'
<COPY_INTO_DATA>
hello,world

statement ok
copy 1 records into t_str from stdin delimiters ',',E'\n','"'
<COPY_INTO_DATA>
hello,world

statement ok
copy 1 records into t_str from stdin delimiters ',',E'\n','"'
<COPY_INTO_DATA>
"hello","world"

statement ok
copy 1 records into t_str from stdin delimiters ',',E'\n','"'
<COPY_INTO_DATA>
"hello,world","all"

statement ok
copy 1 records into t_str from stdin delimiters ',',E'\n','"'
<COPY_INTO_DATA>
"hello\nworld","all"

query TT rowsort
select * from t_str
----
10 values hashing to a6dbadc81143452216f62c11e22b2497

statement ok
copy 1 records into t_str from stdin delimiters ',',E'\n','"'
<COPY_INTO_DATA>
"hello\
world","all"

query TT rowsort
select * from t_str
----
12 values hashing to d44a98cf9491f612e5dfefc441dae383

statement ok
drop table t_str

statement ok
rollback


