statement ok
create table t2606a (a int)

statement ok
insert into t2606a values (11)

statement ok
insert into t2606a values (21)

statement ok
insert into t2606a values (13)

statement ok
insert into t2606a values (23)

statement ok
insert into t2606a values (12)

statement ok
insert into t2606a values (22)

statement ok
create table t2606b (a int)

statement ok
insert into t2606b values (21)

statement ok
insert into t2606b values (31)

statement ok
insert into t2606b values (23)

statement ok
insert into t2606b values (33)

statement ok
insert into t2606b values (22)

statement ok
insert into t2606b values (32)

query I rowsort
select * from t2606a
----
11
12
13
21
22
23

query I rowsort
select * from t2606b
----
21
22
23
31
32
33

query T nosort
PLAN   select * from t2606a   union   select * from t2606b   order by a
----
14 values hashing to daeac8965118e8392b779bd3907f99f1

query I rowsort
       select * from t2606a   union   select * from t2606b   order by a
----
11
12
13
21
22
23
31
32
33

query T nosort
PLAN ( select * from t2606a   union   select * from t2606b ) order by a
----
14 values hashing to daeac8965118e8392b779bd3907f99f1

query I rowsort
     ( select * from t2606a   union   select * from t2606b ) order by a
----
11
12
13
21
22
23
31
32
33

query T nosort
PLAN ( select * from t2606a ) union ( select * from t2606b ) order by a
----
14 values hashing to daeac8965118e8392b779bd3907f99f1

query I rowsort
     ( select * from t2606a ) union ( select * from t2606b ) order by a
----
11
12
13
21
22
23
31
32
33

query T nosort
PLAN   select * from t2606a   except   select * from t2606b   order by a
----
10 values hashing to ce8dbba93922ade12cff307efa6ea298

query I rowsort
       select * from t2606a   except   select * from t2606b   order by a
----
11
12
13

query T nosort
PLAN ( select * from t2606a   except   select * from t2606b ) order by a
----
10 values hashing to ce8dbba93922ade12cff307efa6ea298

query I rowsort
     ( select * from t2606a   except   select * from t2606b ) order by a
----
11
12
13

query T nosort
PLAN ( select * from t2606a ) except ( select * from t2606b ) order by a
----
10 values hashing to ce8dbba93922ade12cff307efa6ea298

query I rowsort
     ( select * from t2606a ) except ( select * from t2606b ) order by a
----
11
12
13

query T nosort
PLAN   select * from t2606a   intersect   select * from t2606b   order by a
----
10 values hashing to 63ad92b1bdf7d574a4182454b4743d4c

query I rowsort
       select * from t2606a   intersect   select * from t2606b   order by a
----
21
22
23

query T nosort
PLAN ( select * from t2606a   intersect   select * from t2606b ) order by a
----
10 values hashing to 63ad92b1bdf7d574a4182454b4743d4c

query I rowsort
     ( select * from t2606a   intersect   select * from t2606b ) order by a
----
21
22
23

query T nosort
PLAN ( select * from t2606a ) intersect ( select * from t2606b ) order by a
----
10 values hashing to 63ad92b1bdf7d574a4182454b4743d4c

query I rowsort
     ( select * from t2606a ) intersect ( select * from t2606b ) order by a
----
21
22
23

query T nosort
PLAN select * from (select * from t2606a union select * from t2606b) as t order by a
----
14 values hashing to 505a9f7a11606a1ebb11b32ffb0b8885

query I rowsort
     select * from (select * from t2606a union select * from t2606b) as t order by a
----
11
12
13
21
22
23
31
32
33

query T nosort
PLAN select * from (select * from t2606a except select * from t2606b) as t order by a
----
10 values hashing to ad52b2acba9062d16c5fe7bf78e2c78f

query I rowsort
     select * from (select * from t2606a except select * from t2606b) as t order by a
----
11
12
13

query T nosort
PLAN select * from (select * from t2606a intersect select * from t2606b) as t order by a
----
10 values hashing to 51b0458644ce540d9a91beb880f56519

query I rowsort
     select * from (select * from t2606a intersect select * from t2606b) as t order by a
----
21
22
23

statement ok
drop table t2606b

statement ok
drop table t2606a


