statement ok
create table my_table ( att INT )

statement ok
insert into my_table values (1)

statement ok
insert into my_table values (2)

statement ok
insert into my_table values (3)

query I rowsort
select * from my_table
----
1
2
3

query T rowsort
select 1<2
----
True

query T rowsort
select 'A'='a'
----
False

query I rowsort
select 1 from my_table where 1<2
----
1
1
1

query I rowsort
select 1 from my_table where true
----
1
1
1

query T rowsort
select '1' where 1 = 0
----

query I rowsort
select * from my_table where 1 = 0
----

statement ok
drop table my_table


