statement ok
create table t11 (str varchar(60))

statement ok
insert into t11 values ('bla')

statement ok
insert into t11 values ('blabla bla')

statement ok
insert into t11 values ('5')

statement ok
insert into t11 values ('bla bla bla bla bla')

statement ok
insert into t11 values ('bladibaldibla')

query TI rowsort
select cast(str as varchar(4)), length(cast(str as varchar(4))) from t11
----
10 values hashing to ffa1642b4fa23081c962298f28ebaa21

query TI rowsort
select cast(str as char(4)), length(cast(str as char(4))) from t11
----
10 values hashing to ffa1642b4fa23081c962298f28ebaa21

statement ok
drop table t11


