statement ok
create table test_6722  (part string, qty double)

statement ok
insert into test_6722 values ('a', 18), ('a', 13),('a', 16),('b', 15),('b', 16),('c', 17),('c', 18),('c', 12),('d', 12),('d', 12)

query IITR rowsort
select
 dense_rank() over (order by part, qty) as rank_id,
 row_number() over (order by part, qty) as row_id,
 *
from test_6722
order by part, qty
----
40 values hashing to f45c22dd130bb5691c7d84996a0a32d3

query ITRI rowsort
select
 (dense_rank() over (order by part, qty)) as rank_id,
 *,
 (row_number() over (order by part, qty)) as row_id
from test_6722
order by part, qty
----
40 values hashing to 4d3061485921d8f278232a78a23e22c8

query TRII rowsort
select
 *,
 (dense_rank() over (order by part, qty)) as rank_id,
 (row_number() over (order by part, qty)) as row_id
from test_6722
order by part, qty
----
40 values hashing to 41c9f8891c2e1b6cb384ff571402f61b

statement ok
drop table test_6722


