statement ok
CREATE TABLE antitest01 (
id    INTEGER      NOT NULL,
col1  VARCHAR(10)  NOT NULL,
col2  INTEGER      NOT NULL
) 

statement ok
CREATE TABLE antitest02 (
id    INTEGER      NOT NULL,
col1  VARCHAR(10)  NOT NULL,
col2  INTEGER      NOT NULL
) 

statement ok
INSERT INTO antitest01 VALUES (10,'ABC',21) 

statement ok
INSERT INTO antitest01 VALUES (11,'ABD',22) 

statement ok
INSERT INTO antitest01 VALUES (12,'ABE',23) 

statement ok
INSERT INTO antitest01 VALUES (13,'ABF',24) 

statement ok
INSERT INTO antitest01 VALUES (14,'ABC',25) 

statement ok
INSERT INTO antitest01 VALUES (15,'ABD',26) 

statement ok
INSERT INTO antitest01 VALUES (16,'ABE',27) 

statement ok
INSERT INTO antitest01 VALUES (17,'ABD',28) 

statement ok
INSERT INTO antitest01 VALUES (18,'ABE',29) 

statement ok
INSERT INTO antitest01 VALUES (19,'ABF',30) 

statement ok
insert into antitest02 select  * from antitest01 order by id, col2

query ITI rowsort
select * from antitest01
----
30 values hashing to 7af3f8efa2879ceb20454d14d741367e

query ITI rowsort
select * from antitest01
where id <> 14
----
27 values hashing to 04b9f6d47e6f89e14a3fe8624b204f00

query ITI rowsort
select * from antitest01
where id between 14 and 16
----
14
ABC
25
15
ABD
26
16
ABE
27

query ITI rowsort
select * from antitest01
where id not between 14 and 16
----
21 values hashing to 254f46d17df873b1aa18be5423a83912

query ITI rowsort
select * from antitest02
----
30 values hashing to 7af3f8efa2879ceb20454d14d741367e

query ITI rowsort
select * from antitest02
where id <> 14
----
27 values hashing to 04b9f6d47e6f89e14a3fe8624b204f00

query ITI rowsort
select * from antitest02
where id between 14 and 16
----
14
ABC
25
15
ABD
26
16
ABE
27

query ITI rowsort
select * from antitest02
where id not between 14 and 16
----
21 values hashing to 254f46d17df873b1aa18be5423a83912

statement ok
drop table antitest01

statement ok
drop table antitest02

