statement ok
start transaction

statement ok
create table t1marcin1(id int, val int)

statement ok
create table t2marcin2(id int, val int)

statement ok
insert into t1marcin1 values(1,1)

statement ok
insert into t1marcin1 values(2,2)

statement ok
insert into t1marcin1 values(3,3)

statement ok
insert into t1marcin1 values(4,4)

statement ok
insert into t1marcin1 values(5,5)

statement ok
insert into t2marcin2 values(1,3)

statement ok
insert into t2marcin2 values(2,2)

statement ok
insert into t2marcin2 values(3,1)

statement ok
commit

query IIII rowsort
select * from t1marcin1,t2marcin2 order by t1marcin1.id, t1marcin1.val, t2marcin2.id, t2marcin2.val
----
60 values hashing to f08f9090acc42beaf67b743c45cbd90b

query II rowsort
select t1marcin1.id,t2marcin2.id from t1marcin1,t2marcin2 where t1marcin1.id<>t2marcin2.id
----
24 values hashing to 5cbd3ec6c81148beef3616e3d6ab285c

query II rowsort
select t1marcin1.id,t2marcin2.id from t1marcin1,t2marcin2 where t1marcin1.id>t2marcin2.id
----
18 values hashing to 0d65122811e3aed07b555f30587ba832

query II rowsort
select t1marcin1.id, (select t2marcin2.id from t2marcin2 where t1marcin1.id=t2marcin2.id) from t1marcin1
----
10 values hashing to c64236875429f3e136c7174d3543f913

query II rowsort
select t1marcin1.id, (select t2marcin2.id from t2marcin2 where t2marcin2.id>2) from t1marcin1
----
10 values hashing to 6b97c95102426f6019e1e3792047b39c

query IIII rowsort
select * from t2marcin2,t1marcin1 where t1marcin1.id=t2marcin2.id
----
12 values hashing to f3b4868e24eac20b8b7e9aa6c9da71be

query IIII rowsort
select * from t1marcin1,t2marcin2 where t1marcin1.id=t2marcin2.id
----
12 values hashing to bf7be37924fb1942f7bb91c440837df1

query II rowsort
select * from t2marcin2
----
1
3
2
2
3
1

query II rowsort
select t2marcin2.* from t2marcin2
----
1
3
2
2
3
1

query II rowsort
select * from t1marcin1 where id>2
----
3
3
4
4
5
5

query II rowsort
select * from t1marcin1 where id>2 and id<2
----

statement ok
start transaction

statement ok
drop table t1marcin1

statement ok
drop table t2marcin2

statement ok
commit

