statement ok
start transaction

statement ok
create table t3(id int, val int)

statement ok
insert into t3 values(2,6)

statement ok
insert into t3 values(2,NULL)

statement ok
insert into t3 values(2,5)

statement ok
insert into t3 values(1,NULL)

statement ok
insert into t3 values(1,5)

statement ok
insert into t3 values(1,6)

statement ok
insert into t3 values(NULL,5)

statement ok
insert into t3 values(NULL,6)

statement ok
insert into t3 values(NULL,NULL)

statement ok
commit

query I rowsort
select val from t3 order by val
----
5
5
5
6
6
6
NULL
NULL
NULL

query I rowsort
select id from t3 order by id
----
1
1
1
2
2
2
NULL
NULL
NULL

query II rowsort
select * from t3 order by val,id
----
18 values hashing to b1ef2565ef12dc133f6afdcb10080c9b

query II rowsort
select * from t3 order by id,val
----
18 values hashing to b1ef2565ef12dc133f6afdcb10080c9b

statement error
select sum(*) from t3

statement error
select sum(*),val from t3 group by val 

statement ok
drop table t3

