statement ok
start transaction

statement ok
create table savepointtest (id int, primary key(id))

query I rowsort
select * from savepointtest
----

statement ok
savepoint name1

statement ok
insert into savepointtest values(1), (2), (3)

query I rowsort
select * from savepointtest
----
1
2
3

statement ok
savepoint name2

statement ok
insert into savepointtest values(4), (5), (6)

query I rowsort
select * from savepointtest
----
1
2
3
4
5
6

statement ok
insert into savepointtest values(7), (8), (9)

statement ok
savepoint name3

query I rowsort
select * from savepointtest
----
1
2
3
4
5
6
7
8
9

statement ok
release savepoint name1

query I rowsort
select * from savepointtest
----
1
2
3
4
5
6
7
8
9

statement error 42000!ROLLBACK TO SAVEPOINT: no such savepoint: 'name1'
rollback to savepoint name1

statement error 25005!Current transaction is aborted (please ROLLBACK)
select * from savepointtest

statement error 40000!COMMIT: transaction is aborted, will ROLLBACK instead
commit

