statement ok
CREATE TABLE FLOAT4_TBL (f1  real)

statement ok
INSERT INTO FLOAT4_TBL(f1) VALUES ('    0.0')

statement ok
INSERT INTO FLOAT4_TBL(f1) VALUES ('1004.30   ')

statement ok
INSERT INTO FLOAT4_TBL(f1) VALUES ('     -34.84    ')

statement ok
INSERT INTO FLOAT4_TBL(f1) VALUES ('1.2345678901234e+20')

statement ok
INSERT INTO FLOAT4_TBL(f1) VALUES ('1.2345678901234e-20')

statement error
INSERT INTO FLOAT4_TBL(f1) VALUES ('10e40')

statement error
INSERT INTO FLOAT4_TBL(f1) VALUES ('-10e40')

statement ok
INSERT INTO FLOAT4_TBL(f1) VALUES ('10e-40')

statement ok
INSERT INTO FLOAT4_TBL(f1) VALUES ('-10e-40')

statement error
INSERT INTO FLOAT4_TBL(f1) VALUES ('       ')

statement error
INSERT INTO FLOAT4_TBL(f1) VALUES ('xyz')

statement error
INSERT INTO FLOAT4_TBL(f1) VALUES ('5.0.0')

statement error
INSERT INTO FLOAT4_TBL(f1) VALUES ('5 . 0')

statement error
INSERT INTO FLOAT4_TBL(f1) VALUES ('5.   0')

statement error
INSERT INTO FLOAT4_TBL(f1) VALUES ('     - 3.0')

statement error
INSERT INTO FLOAT4_TBL(f1) VALUES ('123            5')

statement error
SELECT cast('NaN' as real)

statement error
SELECT cast('nan' as real)

statement error
SELECT cast('   NAN  ' as real)

statement error
SELECT cast('infinity' as real)

statement error
SELECT cast('          -INFINiTY   ' as real)

statement error
SELECT cast('N A N' as real)

statement error
SELECT cast('NaN x' as real)

statement error
SELECT cast(' INFINITY    x' as real)

statement error
SELECT cast('Infinity' as real) + 100.0

statement error
SELECT cast('Infinity' as real) / cast('Infinity' as real)

statement error
SELECT cast('nan' as real) / cast('nan' as real)

query TR rowsort
SELECT '' AS five, FLOAT4_TBL.* FROM FLOAT4_TBL
----
14 values hashing to 6f27f730bb7da0d881ca2d700fbd9267

query TR rowsort
SELECT '' AS four, f.* FROM FLOAT4_TBL f WHERE f.f1 <> '1004.3'
----
12 values hashing to 033e16845adf1ce3429c0093fb29092a

query TR rowsort
SELECT '' AS one, f.* FROM FLOAT4_TBL f WHERE f.f1 = '1004.3'
----
(empty)
1004.300

query TR rowsort
SELECT '' AS three, f.* FROM FLOAT4_TBL f WHERE '1004.3' > f.f1
----
10 values hashing to a0f694bb72e9acf5e9f3ca7fc3520f64

query TR rowsort
SELECT '' AS three, f.* FROM FLOAT4_TBL f WHERE  f.f1 < '1004.3'
----
10 values hashing to a0f694bb72e9acf5e9f3ca7fc3520f64

query TR rowsort
SELECT '' AS four, f.* FROM FLOAT4_TBL f WHERE '1004.3' >= f.f1
----
12 values hashing to 8b8b061711edf846bf49d5af53471c34

query TR rowsort
SELECT '' AS four, f.* FROM FLOAT4_TBL f WHERE  f.f1 <= '1004.3'
----
12 values hashing to 8b8b061711edf846bf49d5af53471c34

query TRR rowsort
SELECT '' AS three, f.f1, f.f1 * '-10' AS x FROM FLOAT4_TBL f
   WHERE f.f1 > '0.0'
----
12 values hashing to 9dfaa96f5448a3cb5e6506c429e967ca

query TRR rowsort
SELECT '' AS three, f.f1, f.f1 + '-10' AS x FROM FLOAT4_TBL f
   WHERE f.f1 > '0.0'
----
12 values hashing to 05f71ec42a81a9788c07f3fca969fee7

query TRR rowsort
SELECT '' AS three, f.f1, f.f1 / '-10' AS x FROM FLOAT4_TBL f
   WHERE f.f1 > '0.0'
----
12 values hashing to 7683725130d48a85911bc5bdb5d7dfb9

query TRR rowsort
SELECT '' AS three, f.f1, f.f1 - '-10' AS x FROM FLOAT4_TBL f
   WHERE f.f1 > '0.0'
----
12 values hashing to f605e3ec653283047807e0524277c0b1

statement error
SELECT '' AS bad, f.f1 / '0.0' from FLOAT4_TBL f

query TRR rowsort
SELECT '' AS five, f.f1, abs(f1) AS abs_f1
   FROM FLOAT4_TBL f
----
21 values hashing to 10f49899f35d540882792e9cff584671

statement error
SELECT '' AS five, f.f1, truncate(f1) AS trunc_f1
   FROM FLOAT4_TBL f

query TRR rowsort
SELECT '' AS five, f.f1, round(f.f1, 0) AS round_f1
   FROM FLOAT4_TBL f
----
21 values hashing to e452cf8e5e1bcd9fcd966da4ce06aa37

query R rowsort
select ceil(f1) as ceil_f1 from float4_tbl f
----
-0.000
-34.000
0.000
1.000
1.000
1005.000
123456790000000008192.000

query R rowsort
select ceiling(f1) as ceiling_f1 from float4_tbl f
----
-0.000
-34.000
0.000
1.000
1.000
1005.000
123456790000000008192.000

query R rowsort
select floor(f1) as floor_f1 from float4_tbl f
----
-1.000
-35.000
0.000
0.000
0.000
1004.000
123456790000000008192.000

query I rowsort
select sign(f1) as sign_f1 from float4_tbl f
----
-1
-1
0
1
1
1
1

query R rowsort
SELECT sqrt(cast('64' as double)) AS eight
----
8.000

query TRR rowsort
SELECT '' AS three, f.f1, sqrt(f.f1) AS sqrt_f1
   FROM FLOAT4_TBL f
   WHERE f.f1 > '0.0'
----
12 values hashing to 5ad540e3c005197f9e2256f044e090a7

query R rowsort
SELECT power(cast('144' as double), cast('0.5' as double))
----
12.000

query TRR rowsort
SELECT '' AS three, f.f1, exp(ln(f.f1)) AS exp_ln_f1
   FROM FLOAT4_TBL f
   WHERE f.f1 > '0.0'
----
12 values hashing to 33f9d92b0cd54f2fbf5faf934bf675cb

query TR rowsort
SELECT '' AS five, * FROM FLOAT4_TBL
----
14 values hashing to 6f27f730bb7da0d881ca2d700fbd9267

statement error
SELECT '' AS five, f.f1, @f.f1 AS abs_f1 FROM FLOAT4_TBL f

statement ok
UPDATE FLOAT4_TBL
   SET f1 = FLOAT4_TBL.f1 * '-1'
   WHERE FLOAT4_TBL.f1 > '0.0'

query TR rowsort
SELECT '' AS five, * FROM FLOAT4_TBL
----
14 values hashing to f28324cfa53520f3bb32c5c579ef3f1f

statement ok
DROP TABLE FLOAT4_TBL


