statement ok
CREATE TABLE INT2_TBL(f1 smallint)

statement ok
INSERT INTO INT2_TBL(f1) VALUES ('0   ')

statement ok
INSERT INTO INT2_TBL(f1) VALUES ('  1234 ')

statement ok
INSERT INTO INT2_TBL(f1) VALUES ('    -1234')

statement error
INSERT INTO INT2_TBL(f1) VALUES ('34.5')

statement ok
INSERT INTO INT2_TBL(f1) VALUES ('32767')

statement ok
INSERT INTO INT2_TBL(f1) VALUES ('-32767')

statement error
INSERT INTO INT2_TBL(f1) VALUES ('100000')

statement error
INSERT INTO INT2_TBL(f1) VALUES ('asdf')

statement error
INSERT INTO INT2_TBL(f1) VALUES ('    ')

statement error
INSERT INTO INT2_TBL(f1) VALUES ('- 1234')

statement error
INSERT INTO INT2_TBL(f1) VALUES ('4 444')

statement error
INSERT INTO INT2_TBL(f1) VALUES ('123 dt')

statement error
INSERT INTO INT2_TBL(f1) VALUES ('')

statement error
SELECT '' AS five, INT2_TBL.*

query TI rowsort
SELECT '' AS five, * FROM INT2_TBL
----
10 values hashing to 675fcfeb52a9b1e450eb137dcb1f0b50

query TI rowsort
SELECT '' AS four, i.* FROM INT2_TBL i WHERE i.f1 <> cast('0' as smallint)
----
(empty)
-1234
(empty)
-32767
(empty)
1234
(empty)
32767

query TI rowsort
SELECT '' AS four, i.* FROM INT2_TBL i WHERE i.f1 <> cast('0' as integer)
----
(empty)
-1234
(empty)
-32767
(empty)
1234
(empty)
32767

query TI rowsort
SELECT '' AS one, i.* FROM INT2_TBL i WHERE i.f1 = cast('0' as smallint)
----
(empty)
0

query TI rowsort
SELECT '' AS one, i.* FROM INT2_TBL i WHERE i.f1 = cast('0' as integer)
----
(empty)
0

query TI rowsort
SELECT '' AS two, i.* FROM INT2_TBL i WHERE i.f1 < cast('0' as smallint)
----
(empty)
-1234
(empty)
-32767

query TI rowsort
SELECT '' AS two, i.* FROM INT2_TBL i WHERE i.f1 < cast('0' as integer)
----
(empty)
-1234
(empty)
-32767

query TI rowsort
SELECT '' AS three, i.* FROM INT2_TBL i WHERE i.f1 <= cast('0' as smallint)
----
(empty)
-1234
(empty)
-32767
(empty)
0

query TI rowsort
SELECT '' AS three, i.* FROM INT2_TBL i WHERE i.f1 <= cast('0' as integer)
----
(empty)
-1234
(empty)
-32767
(empty)
0

query TI rowsort
SELECT '' AS two, i.* FROM INT2_TBL i WHERE i.f1 > cast('0' as smallint)
----
(empty)
1234
(empty)
32767

query TI rowsort
SELECT '' AS two, i.* FROM INT2_TBL i WHERE i.f1 > cast('0' as integer)
----
(empty)
1234
(empty)
32767

query TI rowsort
SELECT '' AS three, i.* FROM INT2_TBL i WHERE i.f1 >= cast('0' as smallint)
----
(empty)
0
(empty)
1234
(empty)
32767

query TI rowsort
SELECT '' AS three, i.* FROM INT2_TBL i WHERE i.f1 >= cast('0' as integer)
----
(empty)
0
(empty)
1234
(empty)
32767

query TI rowsort
SELECT '' AS one, i.* FROM INT2_TBL i WHERE (i.f1 % cast('2' as smallint)) = cast('1' as smallint)
----
(empty)
32767

query TI rowsort
SELECT '' AS three, i.* FROM INT2_TBL i WHERE (i.f1 % cast('2' as integer)) = cast('0' as smallint)
----
(empty)
-1234
(empty)
0
(empty)
1234

query TII rowsort
SELECT '' AS five, i.f1, i.f1 * cast('2' as smallint) AS x FROM INT2_TBL i
----
15 values hashing to a72da567ed35a15218fd6dd76764eb30

query TII rowsort
SELECT '' AS five, i.f1, i.f1 * cast('2' as smallint) AS x FROM INT2_TBL i
WHERE abs(f1) < 16384
----
(empty)
-1234
-2468
(empty)
0
0
(empty)
1234
2468

query TII rowsort
SELECT '' AS five, i.f1, i.f1 * cast('2' as integer) AS x FROM INT2_TBL i
----
15 values hashing to a72da567ed35a15218fd6dd76764eb30

query TII rowsort
SELECT '' AS five, i.f1, i.f1 + cast('2' as smallint) AS x FROM INT2_TBL i
----
15 values hashing to 9d603e5f5f95223c71f71afd072a17fd

query TII rowsort
SELECT '' AS five, i.f1, i.f1 + cast('2' as smallint) AS x FROM INT2_TBL i
WHERE f1 < 32766
----
12 values hashing to 6ff3193fdd4efb361cfc38f65a59444f

query TII rowsort
SELECT '' AS five, i.f1, i.f1 + cast('2' as integer) AS x FROM INT2_TBL i
----
15 values hashing to 9d603e5f5f95223c71f71afd072a17fd

query TII rowsort
SELECT '' AS five, i.f1, i.f1 - cast('2' as smallint) AS x FROM INT2_TBL i
----
15 values hashing to 2f76564c4a12dd79a057b972faf24faa

query TII rowsort
SELECT '' AS five, i.f1, i.f1 - cast('2' as smallint) AS x FROM INT2_TBL i
WHERE f1 > -32767
----
12 values hashing to d403a76711a55cee8e63d5054750e053

query TII rowsort
SELECT '' AS five, i.f1, i.f1 - cast('2' as integer) AS x FROM INT2_TBL i
----
15 values hashing to 2f76564c4a12dd79a057b972faf24faa

query TII rowsort
SELECT '' AS five, i.f1, i.f1 / cast('2' as smallint) AS x FROM INT2_TBL i
----
15 values hashing to fd724e6df3c2da2f07da37b91c1e0f8e

query TII rowsort
SELECT '' AS five, i.f1, i.f1 / cast('2' as integer) AS x FROM INT2_TBL i
----
15 values hashing to fd724e6df3c2da2f07da37b91c1e0f8e


