statement ok
start transaction

statement ok
SET TIME ZONE INTERVAL '+01:00' HOUR TO MINUTE

statement ok
create table all_types (
	"boolean" boolean,
	"tinyint" tinyint,
	"smallint" smallint,
	"int" int,
	"bigint" bigint,
	"double" double,
	"real" real,
	"decimal" decimal,
	"decimal9" decimal(9),
	"decimal83" decimal(8,3),
	"float" float,
	"float9" float(9),
	"float83" float(8,3),
	"date" date,
	"iY" interval year,
	"iYM" interval year to month,
	"iM" interval month,
	"id" interval day,
	"idh" interval day to hour,
	"idm" interval day to minute,
	"ids" interval day to second,
	"ih" interval hour,
	"ihm" interval hour to minute,
	"ihs" interval hour to second,
	"im" interval minute,
	"ims" interval minute to second,
	"is" interval second,
	"timestamp" timestamp,
	"timestamp5" timestamp(5),
	"timestampzone" timestamp with time zone,
	"timestamp5zone" timestamp(5) with time zone,
	"time" time,
	"time5" time(5),
	"timezone" time with time zone,
	"time5zone" time(5) with time zone,
	"blob" blob,
	"blob100" blob(100),
	"clob" clob,
	"clob100" clob(100),
	"character" character,
	"varchar100" character varying(100),
	"character10" character(10),
	"inet"   inet,
	"inet9"  inet(9),
	"json"   json,
	"json10" json(10),
	"url"    url,
	"url55"  URL(55),
	"uuid"   uuid
)

statement ok
insert into all_types values (true, 10, 10000, 1000000,
	10000000000, 1e30, 1e20, 1, 123456789, 12345.678, 3.1415, 3.1415,
	3.1415, date '2009-04-15', interval '2' year, interval '18' month,
	interval '3' month, interval '20' day, interval '30' hour,
	interval '2000' minute, interval '100000' second, interval '10' hour,
	interval '100' minute, interval '2000' second, interval '10' minute,
	interval '100' second, interval '10' second,
	timestamp '1995-07-15 07:30', timestamp '1995-07-15 07:30',
	timestamp '1995-07-15 07:30', timestamp '1995-07-15 07:30',
	time '07:30', time '07:30', time '07:30', time '07:30',
	blob '123456', blob '123456',
	'123456', '123456', 'x', 'varchar', '0123456789',
	'127.0.0.0', '127.127.127.255',
	'{"a": 123}', '{"b": 456}',
	'www.monetdb.org/Documentation/Manuals/SQLreference/BuiltinTypes',
	'www.monetdb.org/Documentation/Manuals/SQLreference/URLtype',
	'ae106ad4-81fd-4f1a-85e8-5efface60da4')

statement ok
insert into all_types values (false, -10, -10000, -1000000,
	-10000000000, -1e30, -1e20, -1, -123456789, -12345.678, -3.1415, -3.1415,
	-3.1415, date '2005-04-15', interval '-2' year, interval '-18' month,
	interval '-3' month, interval '-20' day, interval '-30' hour,
	interval '-2000' minute, interval '-100000' second, interval '-10' hour,
	interval '-100' minute, interval '-2000' second, interval '-10' minute,
	interval '-100' second, interval '-10' second,
	timestamp '1988-07-15 07:30', timestamp '1988-07-15 07:30',
	timestamp '1988-07-15 07:30', timestamp '1988-07-15 07:30',
	time '06:30', time '06:30', time '06:30', time '06:30',
	blob '01234567', blob '01234567',
	'0123456', '0123456', 'A', 'Avarchar', 'A012345678',
	'120.0.0.0', '120.120.120.129',
	'{"A": -123}', '{"B": -456}',
	'https://www.monetdb.org/Documentation/Manuals/SQLreference/BuiltinTypes',
	'https://www.monetdb.org/Documentation/Manuals/SQLreference/URLtype',
	'76236890-f4e2-4d4f-a02b-ec7a02c3cb50')

query I
select * from all_types
----
1

statement ok
insert into all_types select * from all_types

query I
select * from all_types
----
1

query TIITIIT rowsort
select name, schema_id, type, system, commit_action, access, query from sys._tables where name = 'all_types'
----
all_types
2000
0
False
0
0
NULL

query T rowsort
select 'create ordered index "oidx_'||name||'" on all_types ("'||name||'");' as stmt from sys._columns where table_id in (select id from sys._tables where name = 'all_types') order by number
----
49 values hashing to 6f02169538d9e145950d6a64adb87036

statement ok
create ordered index "oidx_boolean" on all_types ("boolean")

statement ok
create ordered index "oidx_tinyint" on all_types ("tinyint")

statement ok
create ordered index "oidx_smallint" on all_types ("smallint")

statement ok
create ordered index "oidx_int" on all_types ("int")

statement ok
create ordered index "oidx_bigint" on all_types ("bigint")

statement ok
create ordered index "oidx_double" on all_types ("double")

statement ok
create ordered index "oidx_real" on all_types ("real")

statement ok
create ordered index "oidx_decimal" on all_types ("decimal")

statement ok
create ordered index "oidx_decimal9" on all_types ("decimal9")

statement ok
create ordered index "oidx_decimal83" on all_types ("decimal83")

statement ok
create ordered index "oidx_float" on all_types ("float")

statement ok
create ordered index "oidx_float9" on all_types ("float9")

statement ok
create ordered index "oidx_float83" on all_types ("float83")

statement ok
create ordered index "oidx_date" on all_types ("date")

statement ok
create ordered index "oidx_iY" on all_types ("iY")

statement ok
create ordered index "oidx_iYM" on all_types ("iYM")

statement ok
create ordered index "oidx_iM" on all_types ("iM")

statement ok
create ordered index "oidx_id" on all_types ("id")

statement ok
create ordered index "oidx_idh" on all_types ("idh")

statement ok
create ordered index "oidx_idm" on all_types ("idm")

statement ok
create ordered index "oidx_ids" on all_types ("ids")

statement ok
create ordered index "oidx_ih" on all_types ("ih")

statement ok
create ordered index "oidx_ihm" on all_types ("ihm")

statement ok
create ordered index "oidx_ihs" on all_types ("ihs")

statement ok
create ordered index "oidx_im" on all_types ("im")

statement ok
create ordered index "oidx_ims" on all_types ("ims")

statement ok
create ordered index "oidx_is" on all_types ("is")

statement ok
create ordered index "oidx_timestamp" on all_types ("timestamp")

statement ok
create ordered index "oidx_timestamp5" on all_types ("timestamp5")

statement ok
create ordered index "oidx_timestampzone" on all_types ("timestampzone")

statement ok
create ordered index "oidx_timestamp5zone" on all_types ("timestamp5zone")

statement ok
create ordered index "oidx_time" on all_types ("time")

statement ok
create ordered index "oidx_time5" on all_types ("time5")

statement ok
create ordered index "oidx_timezone" on all_types ("timezone")

statement ok
create ordered index "oidx_time5zone" on all_types ("time5zone")

statement ok
create ordered index "oidx_blob" on all_types ("blob")

statement ok
create ordered index "oidx_blob100" on all_types ("blob100")

statement ok
create ordered index "oidx_clob" on all_types ("clob")

statement ok
create ordered index "oidx_clob100" on all_types ("clob100")

statement ok
create ordered index "oidx_character" on all_types ("character")

statement ok
create ordered index "oidx_varchar100" on all_types ("varchar100")

statement ok
create ordered index "oidx_character10" on all_types ("character10")

statement ok
create ordered index "oidx_inet" on all_types ("inet")

statement ok
create ordered index "oidx_inet9" on all_types ("inet9")

statement ok
create ordered index "oidx_json" on all_types ("json")

statement ok
create ordered index "oidx_json10" on all_types ("json10")

statement ok
create ordered index "oidx_url" on all_types ("url")

statement ok
create ordered index "oidx_url55" on all_types ("url55")

statement ok
create ordered index "oidx_uuid" on all_types ("uuid")

query IT rowsort
select type, name from sys.idxs where table_id in (select id from sys._tables where name = 'all_types') order by name
----
98 values hashing to 98afd53312064457eee2cd54cc622bc4

query T rowsort
select 'select "'||name||'" from all_types order by "'||name||'" ASC;' as stmt from sys._columns where table_id in (select id from sys._tables where name = 'all_types') order by number
----
49 values hashing to b94caee2f08d7d455c25af3273ec91fb

query T rowsort
select "boolean" from all_types order by "boolean" ASC
----
False
False
True
True

query I rowsort
select "tinyint" from all_types order by "tinyint" ASC
----
-10
-10
10
10

query I rowsort
select "smallint" from all_types order by "smallint" ASC
----
-10000
-10000
10000
10000

query I rowsort
select "int" from all_types order by "int" ASC
----
-1000000
-1000000
1000000
1000000

query I rowsort
select "bigint" from all_types order by "bigint" ASC
----
-10000000000
-10000000000
10000000000
10000000000

query R rowsort
select "double" from all_types order by "double" ASC
----
-1000000000000000019884624838656.000
-1000000000000000019884624838656.000
1000000000000000019884624838656.000
1000000000000000019884624838656.000

query R rowsort
select "real" from all_types order by "real" ASC
----
-100000000000000000000.000
-100000000000000000000.000
100000000000000000000.000
100000000000000000000.000

query R rowsort
select "decimal" from all_types order by "decimal" ASC
----
-1.000
-1.000
1.000
1.000

query R rowsort
select "decimal9" from all_types order by "decimal9" ASC
----
-123456789.000
-123456789.000
123456789.000
123456789.000

query R rowsort
select "decimal83" from all_types order by "decimal83" ASC
----
-12345.678
-12345.678
12345.678
12345.678

query R rowsort
select "float" from all_types order by "float" ASC
----
-3.142
-3.142
3.142
3.142

query R rowsort
select "float9" from all_types order by "float9" ASC
----
-3.142
-3.142
3.142
3.142

query R rowsort
select "float83" from all_types order by "float83" ASC
----
-3.142
-3.142
3.142
3.142

query T rowsort
select "date" from all_types order by "date" ASC
----
2005-04-15
2005-04-15
2009-04-15
2009-04-15

query T rowsort
select "iY" from all_types order by "iY" ASC
----
-24
-24
24
24

query T rowsort
select "iYM" from all_types order by "iYM" ASC
----
-18
-18
18
18

query T rowsort
select "iM" from all_types order by "iM" ASC
----
-3
-3
3
3

query I
select "id" from all_types order by "id" ASC
----
1

query T rowsort
select "idh" from all_types order by "idh" ASC
----
-2 days, 18:00:00
-2 days, 18:00:00
1 day, 6:00:00
1 day, 6:00:00

query T rowsort
select "idm" from all_types order by "idm" ASC
----
-2 days, 14:40:00
-2 days, 14:40:00
1 day, 9:20:00
1 day, 9:20:00

query T rowsort
select "ids" from all_types order by "ids" ASC
----
-2 days, 20:13:20
-2 days, 20:13:20
1 day, 3:46:40
1 day, 3:46:40

query T rowsort
select "ih" from all_types order by "ih" ASC
----
-1 day, 14:00:00
-1 day, 14:00:00
10:00:00
10:00:00

query T rowsort
select "ihm" from all_types order by "ihm" ASC
----
-1 day, 22:20:00
-1 day, 22:20:00
1:40:00
1:40:00

query T rowsort
select "ihs" from all_types order by "ihs" ASC
----
-1 day, 23:26:40
-1 day, 23:26:40
0:33:20
0:33:20

query T rowsort
select "im" from all_types order by "im" ASC
----
-1 day, 23:50:00
-1 day, 23:50:00
0:10:00
0:10:00

query T rowsort
select "ims" from all_types order by "ims" ASC
----
-1 day, 23:58:20
-1 day, 23:58:20
0:01:40
0:01:40

query T rowsort
select "is" from all_types order by "is" ASC
----
-1 day, 23:59:50
-1 day, 23:59:50
0:00:10
0:00:10

query T rowsort
select "timestamp" from all_types order by "timestamp" ASC
----
1988-07-15 07:30:00
1988-07-15 07:30:00
1995-07-15 07:30:00
1995-07-15 07:30:00

query T rowsort
select "timestamp5" from all_types order by "timestamp5" ASC
----
1988-07-15 07:30:00
1988-07-15 07:30:00
1995-07-15 07:30:00
1995-07-15 07:30:00

query T rowsort
select "timestampzone" from all_types order by "timestampzone" ASC
----
1988-07-15 09:30:00
1988-07-15 09:30:00
1995-07-15 09:30:00
1995-07-15 09:30:00

query T rowsort
select "timestamp5zone" from all_types order by "timestamp5zone" ASC
----
1988-07-15 09:30:00
1988-07-15 09:30:00
1995-07-15 09:30:00
1995-07-15 09:30:00

query T rowsort
select "time" from all_types order by "time" ASC
----
06:30:00
06:30:00
07:30:00
07:30:00

query T rowsort
select "time5" from all_types order by "time5" ASC
----
06:30:00
06:30:00
07:30:00
07:30:00

query T rowsort
select "timezone" from all_types order by "timezone" ASC
----
08:30:00
08:30:00
09:30:00
09:30:00

query T rowsort
select "time5zone" from all_types order by "time5zone" ASC
----
08:30:00
08:30:00
09:30:00
09:30:00

query T rowsort
select "blob" from all_types order by "blob" ASC
----
b'\x01#Eg'
b'\x01#Eg'
b'\x124V'
b'\x124V'

query T rowsort
select "blob100" from all_types order by "blob100" ASC
----
b'\x01#Eg'
b'\x01#Eg'
b'\x124V'
b'\x124V'

query T rowsort
select "clob" from all_types order by "clob" ASC
----
0123456
0123456
123456
123456

query T rowsort
select "clob100" from all_types order by "clob100" ASC
----
0123456
0123456
123456
123456

query T rowsort
select "character" from all_types order by "character" ASC
----
A
A
x
x

query T rowsort
select "varchar100" from all_types order by "varchar100" ASC
----
Avarchar
Avarchar
varchar
varchar

query T rowsort
select "character10" from all_types order by "character10" ASC
----
0123456789
0123456789
A012345678
A012345678

query T rowsort
select "inet" from all_types order by "inet" ASC
----
120.0.0.0
120.0.0.0
127.0.0.0
127.0.0.0

query T rowsort
select "inet9" from all_types order by "inet9" ASC
----
120.120.120.129
120.120.120.129
127.127.127.255
127.127.127.255

query T rowsort
select "json" from all_types order by "json" ASC
----
{"A": -123}
{"A": -123}
{"a": 123}
{"a": 123}

query T rowsort
select "json10" from all_types order by "json10" ASC
----
{"B": -456}
{"B": -456}
{"b": 456}
{"b": 456}

query T rowsort
select "url" from all_types order by "url" ASC
----
https://www.monetdb.org/Documentation/Manuals/SQLreference/BuiltinTypes
https://www.monetdb.org/Documentation/Manuals/SQLreference/BuiltinTypes
www.monetdb.org/Documentation/Manuals/SQLreference/BuiltinTypes
www.monetdb.org/Documentation/Manuals/SQLreference/BuiltinTypes

query T rowsort
select "url55" from all_types order by "url55" ASC
----
https://www.monetdb.org/Documentation/Manuals/SQLreference/URLtype
https://www.monetdb.org/Documentation/Manuals/SQLreference/URLtype
www.monetdb.org/Documentation/Manuals/SQLreference/URLtype
www.monetdb.org/Documentation/Manuals/SQLreference/URLtype

query T rowsort
select "uuid" from all_types order by "uuid" ASC
----
76236890-f4e2-4d4f-a02b-ec7a02c3cb50
76236890-f4e2-4d4f-a02b-ec7a02c3cb50
ae106ad4-81fd-4f1a-85e8-5efface60da4
ae106ad4-81fd-4f1a-85e8-5efface60da4

query T rowsort
select 'select "'||name||'" from all_types order by "'||name||'" DESC;' as stmt from sys._columns where table_id in (select id from sys._tables where name = 'all_types') order by number
----
49 values hashing to daee225a035f441ca3275716c45adc29

query T rowsort
select "boolean" from all_types order by "boolean" DESC
----
False
False
True
True

query I rowsort
select "tinyint" from all_types order by "tinyint" DESC
----
-10
-10
10
10

query I rowsort
select "smallint" from all_types order by "smallint" DESC
----
-10000
-10000
10000
10000

query I rowsort
select "int" from all_types order by "int" DESC
----
-1000000
-1000000
1000000
1000000

query I rowsort
select "bigint" from all_types order by "bigint" DESC
----
-10000000000
-10000000000
10000000000
10000000000

query R rowsort
select "double" from all_types order by "double" DESC
----
-1000000000000000019884624838656.000
-1000000000000000019884624838656.000
1000000000000000019884624838656.000
1000000000000000019884624838656.000

query R rowsort
select "real" from all_types order by "real" DESC
----
-100000000000000000000.000
-100000000000000000000.000
100000000000000000000.000
100000000000000000000.000

query R rowsort
select "decimal" from all_types order by "decimal" DESC
----
-1.000
-1.000
1.000
1.000

query R rowsort
select "decimal9" from all_types order by "decimal9" DESC
----
-123456789.000
-123456789.000
123456789.000
123456789.000

query R rowsort
select "decimal83" from all_types order by "decimal83" DESC
----
-12345.678
-12345.678
12345.678
12345.678

query R rowsort
select "float" from all_types order by "float" DESC
----
-3.142
-3.142
3.142
3.142

query R rowsort
select "float9" from all_types order by "float9" DESC
----
-3.142
-3.142
3.142
3.142

query R rowsort
select "float83" from all_types order by "float83" DESC
----
-3.142
-3.142
3.142
3.142

query T rowsort
select "date" from all_types order by "date" DESC
----
2005-04-15
2005-04-15
2009-04-15
2009-04-15

query T rowsort
select "iY" from all_types order by "iY" DESC
----
-24
-24
24
24

query T rowsort
select "iYM" from all_types order by "iYM" DESC
----
-18
-18
18
18

query T rowsort
select "iM" from all_types order by "iM" DESC
----
-3
-3
3
3

query I
select "id" from all_types order by "id" DESC
----
1

query T rowsort
select "idh" from all_types order by "idh" DESC
----
-2 days, 18:00:00
-2 days, 18:00:00
1 day, 6:00:00
1 day, 6:00:00

query T rowsort
select "idm" from all_types order by "idm" DESC
----
-2 days, 14:40:00
-2 days, 14:40:00
1 day, 9:20:00
1 day, 9:20:00

query T rowsort
select "ids" from all_types order by "ids" DESC
----
-2 days, 20:13:20
-2 days, 20:13:20
1 day, 3:46:40
1 day, 3:46:40

query T rowsort
select "ih" from all_types order by "ih" DESC
----
-1 day, 14:00:00
-1 day, 14:00:00
10:00:00
10:00:00

query T rowsort
select "ihm" from all_types order by "ihm" DESC
----
-1 day, 22:20:00
-1 day, 22:20:00
1:40:00
1:40:00

query T rowsort
select "ihs" from all_types order by "ihs" DESC
----
-1 day, 23:26:40
-1 day, 23:26:40
0:33:20
0:33:20

query T rowsort
select "im" from all_types order by "im" DESC
----
-1 day, 23:50:00
-1 day, 23:50:00
0:10:00
0:10:00

query T rowsort
select "ims" from all_types order by "ims" DESC
----
-1 day, 23:58:20
-1 day, 23:58:20
0:01:40
0:01:40

query T rowsort
select "is" from all_types order by "is" DESC
----
-1 day, 23:59:50
-1 day, 23:59:50
0:00:10
0:00:10

query T rowsort
select "timestamp" from all_types order by "timestamp" DESC
----
1988-07-15 07:30:00
1988-07-15 07:30:00
1995-07-15 07:30:00
1995-07-15 07:30:00

query T rowsort
select "timestamp5" from all_types order by "timestamp5" DESC
----
1988-07-15 07:30:00
1988-07-15 07:30:00
1995-07-15 07:30:00
1995-07-15 07:30:00

query T rowsort
select "timestampzone" from all_types order by "timestampzone" DESC
----
1988-07-15 09:30:00
1988-07-15 09:30:00
1995-07-15 09:30:00
1995-07-15 09:30:00

query T rowsort
select "timestamp5zone" from all_types order by "timestamp5zone" DESC
----
1988-07-15 09:30:00
1988-07-15 09:30:00
1995-07-15 09:30:00
1995-07-15 09:30:00

query T rowsort
select "time" from all_types order by "time" DESC
----
06:30:00
06:30:00
07:30:00
07:30:00

query T rowsort
select "time5" from all_types order by "time5" DESC
----
06:30:00
06:30:00
07:30:00
07:30:00

query T rowsort
select "timezone" from all_types order by "timezone" DESC
----
08:30:00
08:30:00
09:30:00
09:30:00

query T rowsort
select "time5zone" from all_types order by "time5zone" DESC
----
08:30:00
08:30:00
09:30:00
09:30:00

query T rowsort
select "blob" from all_types order by "blob" DESC
----
b'\x01#Eg'
b'\x01#Eg'
b'\x124V'
b'\x124V'

query T rowsort
select "blob100" from all_types order by "blob100" DESC
----
b'\x01#Eg'
b'\x01#Eg'
b'\x124V'
b'\x124V'

query T rowsort
select "clob" from all_types order by "clob" DESC
----
0123456
0123456
123456
123456

query T rowsort
select "clob100" from all_types order by "clob100" DESC
----
0123456
0123456
123456
123456

query T rowsort
select "character" from all_types order by "character" DESC
----
A
A
x
x

query T rowsort
select "varchar100" from all_types order by "varchar100" DESC
----
Avarchar
Avarchar
varchar
varchar

query T rowsort
select "character10" from all_types order by "character10" DESC
----
0123456789
0123456789
A012345678
A012345678

query T rowsort
select "inet" from all_types order by "inet" DESC
----
120.0.0.0
120.0.0.0
127.0.0.0
127.0.0.0

query T rowsort
select "inet9" from all_types order by "inet9" DESC
----
120.120.120.129
120.120.120.129
127.127.127.255
127.127.127.255

query T rowsort
select "json" from all_types order by "json" DESC
----
{"A": -123}
{"A": -123}
{"a": 123}
{"a": 123}

query T rowsort
select "json10" from all_types order by "json10" DESC
----
{"B": -456}
{"B": -456}
{"b": 456}
{"b": 456}

query T rowsort
select "url" from all_types order by "url" DESC
----
https://www.monetdb.org/Documentation/Manuals/SQLreference/BuiltinTypes
https://www.monetdb.org/Documentation/Manuals/SQLreference/BuiltinTypes
www.monetdb.org/Documentation/Manuals/SQLreference/BuiltinTypes
www.monetdb.org/Documentation/Manuals/SQLreference/BuiltinTypes

query T rowsort
select "url55" from all_types order by "url55" DESC
----
https://www.monetdb.org/Documentation/Manuals/SQLreference/URLtype
https://www.monetdb.org/Documentation/Manuals/SQLreference/URLtype
www.monetdb.org/Documentation/Manuals/SQLreference/URLtype
www.monetdb.org/Documentation/Manuals/SQLreference/URLtype

query T rowsort
select "uuid" from all_types order by "uuid" DESC
----
76236890-f4e2-4d4f-a02b-ec7a02c3cb50
76236890-f4e2-4d4f-a02b-ec7a02c3cb50
ae106ad4-81fd-4f1a-85e8-5efface60da4
ae106ad4-81fd-4f1a-85e8-5efface60da4

statement ok
insert into all_types select * from all_types

query I
select * from all_types order by 11,12,13,14,15,16,17,18,19,20,1,2,3,4,5,6,7,8,9,10
----
1

query IT rowsort
select type, name from sys.idxs where table_id in (select id from sys._tables where name = 'all_types') order by name
----
98 values hashing to 98afd53312064457eee2cd54cc622bc4

query T rowsort
select 'drop index "oidx_'||name||'";' as stmt from sys._columns where table_id in (select id from sys._tables where name = 'all_types') order by number
----
49 values hashing to 6b04aacae65cfd9ee0999ef1736c70d6

statement ok
drop index "oidx_boolean"

statement ok
drop index "oidx_tinyint"

statement ok
drop index "oidx_smallint"

statement ok
drop index "oidx_int"

statement ok
drop index "oidx_bigint"

statement ok
drop index "oidx_double"

statement ok
drop index "oidx_real"

statement ok
drop index "oidx_decimal"

statement ok
drop index "oidx_decimal9"

statement ok
drop index "oidx_decimal83"

statement ok
drop index "oidx_float"

statement ok
drop index "oidx_float9"

statement ok
drop index "oidx_float83"

statement ok
drop index "oidx_date"

statement ok
drop index "oidx_iY"

statement ok
drop index "oidx_iYM"

statement ok
drop index "oidx_iM"

statement ok
drop index "oidx_id"

statement ok
drop index "oidx_idh"

statement ok
drop index "oidx_idm"

statement ok
drop index "oidx_ids"

statement ok
drop index "oidx_ih"

statement ok
drop index "oidx_ihm"

statement ok
drop index "oidx_ihs"

statement ok
drop index "oidx_im"

statement ok
drop index "oidx_ims"

statement ok
drop index "oidx_is"

statement ok
drop index "oidx_timestamp"

statement ok
drop index "oidx_timestamp5"

statement ok
drop index "oidx_timestampzone"

statement ok
drop index "oidx_timestamp5zone"

statement ok
drop index "oidx_time"

statement ok
drop index "oidx_time5"

statement ok
drop index "oidx_timezone"

statement ok
drop index "oidx_time5zone"

statement ok
drop index "oidx_blob"

statement ok
drop index "oidx_blob100"

statement ok
drop index "oidx_clob"

statement ok
drop index "oidx_clob100"

statement ok
drop index "oidx_character"

statement ok
drop index "oidx_varchar100"

statement ok
drop index "oidx_character10"

statement ok
drop index "oidx_inet"

statement ok
drop index "oidx_inet9"

statement ok
drop index "oidx_json"

statement ok
drop index "oidx_json10"

statement ok
drop index "oidx_url"

statement ok
drop index "oidx_url55"

statement ok
drop index "oidx_uuid"

statement ok
drop table all_types

statement ok
drop table if exists all_types cascade

query IT rowsort
select type, name from sys.idxs where table_id in (select id from sys._tables where name = 'all_types') order by name
----

statement ok
rollback


