statement ok
CREATE TABLE t(i INT)

statement ok
INSERT INTO t VALUES (1), (2), (3)

query T rowsort
SELECT 1 IN (SELECT i FROM t)
----
True

query T rowsort
-- expect true
SELECT 4 IN (SELECT i FROM t)
----
False

statement ok
-- expect false, got null
drop table t


