statement ok
CREATE TABLE t1(a INTEGER, b INTEGER, c INTEGER, d INTEGER, e INTEGER)

statement ok
INSERT INTO t1(e,c,b,d,a) VALUES(103,102,100,101,104)

statement ok
INSERT INTO t1(a,c,d,e,b) VALUES(107,106,108,109,105)

statement ok
INSERT INTO t1(e,d,b,a,c) VALUES(110,114,112,111,113)

statement ok
INSERT INTO t1(d,c,e,a,b) VALUES(116,119,117,115,118)

statement ok
INSERT INTO t1(c,d,b,e,a) VALUES(123,122,124,120,121)

statement ok
INSERT INTO t1(a,d,b,e,c) VALUES(127,128,129,126,125)

statement ok
INSERT INTO t1(e,c,a,d,b) VALUES(132,134,131,133,130)

statement ok
INSERT INTO t1(a,d,b,e,c) VALUES(138,136,139,135,137)

query IIIIIII rowsort
SELECT CASE a+1 WHEN b THEN 111 WHEN c THEN 222 WHEN d THEN 333  WHEN e THEN 444 ELSE 555 END, CASE WHEN a<b-3 THEN 111 WHEN a<=b THEN 222 WHEN a<b+3 THEN 333 ELSE 444 END, cast(a+b*2+c*3+d*4 as bigint), cast(a+b*2+c*3 as bigint), c, CASE WHEN c>(SELECT avg(c) FROM t1) THEN a*2 ELSE b*10 END, abs(b-c) FROM t1 WHERE EXISTS(SELECT 1 FROM t1 AS x WHERE x.b<t1.b) OR b>c OR d NOT BETWEEN 110 AND 150 ORDER BY 4,1,5,2,6,3,7
----
56 values hashing to bf3fcae1d9c9b0ba86af03f38c7ec195

query IIIIII rowsort
SELECT a, cast(a+b*2+c*3+d*4+e*5 as bigint), c-d, CASE WHEN c>(SELECT avg(c) FROM t1) THEN a*2 ELSE b*10 END, b-c, a+b*2 FROM t1 ORDER BY 6,2,4,5,3,1
----
48 values hashing to 3444f03be798ad301b786be3f3d7e14a

query IIIIIII rowsort
SELECT cast(a+b*2+c*3+d*4+e*5 as bigint), CASE WHEN a<b-3 THEN 111 WHEN a<=b THEN 222 WHEN a<b+3 THEN 333 ELSE 444 END, a, abs(b-c), a+b*2, d, CASE WHEN c>(SELECT avg(c) FROM t1) THEN a*2 ELSE b*10 END FROM t1 WHERE (e>c OR e<d) OR a>b ORDER BY 4,5,3,7,1,6,2
----
49 values hashing to e3bf92aba7b70a41ce1598b2579636dd

query IIII rowsort
SELECT a, e, CASE WHEN c>(SELECT avg(c) FROM t1) THEN a*2 ELSE b*10 END, a-b FROM t1 ORDER BY 2,4,3,1
----
32 values hashing to 86bb1f811c19e7215054f2888bc0d6bf

query IIIIII rowsort
SELECT d, CASE WHEN c>(SELECT avg(c) FROM t1) THEN a*2 ELSE b*10 END, abs(b-c), cast(a+b*2+c*3+d*4+e*5 as bigint), CASE WHEN a<b-3 THEN 111 WHEN a<=b THEN 222 WHEN a<b+3 THEN 333 ELSE 444 END, d-e FROM t1 ORDER BY 1,6,2,3,5,4
----
48 values hashing to e04e2b8fc995b7939b8e31b173b67336

query IIIIII rowsort
SELECT cast(a+b*2+c*3+d*4+e*5 as bigint), a, abs(a), a-b, d-e, CASE WHEN c>(SELECT avg(c) FROM t1) THEN a*2 ELSE b*10 END FROM t1 WHERE EXISTS(SELECT 1 FROM t1 AS x WHERE x.b<t1.b) AND b>c ORDER BY 4,6,3,1,5,2
----
18 values hashing to 521b1ec92350bfd04213cc0e0eaa798b

query IIIIIII rowsort
SELECT CASE WHEN a<b-3 THEN 111 WHEN a<=b THEN 222 WHEN a<b+3 THEN 333 ELSE 444 END, cast(a+b*2+c*3+d*4+e*5 as bigint), a, CASE a+1 WHEN b THEN 111 WHEN c THEN 222 WHEN d THEN 333  WHEN e THEN 444 ELSE 555 END, CASE WHEN c>(SELECT avg(c) FROM t1) THEN a*2 ELSE b*10 END, (SELECT count(*) FROM t1 AS x WHERE x.c>t1.c AND x.d<t1.d), d FROM t1 WHERE a>b AND (e>a AND e<b) ORDER BY 7,2,4,6,1,3,5
----

query IIIIII rowsort
SELECT e, (SELECT count(*) FROM t1 AS x WHERE x.b<t1.b), CASE WHEN c>(SELECT avg(c) FROM t1) THEN a*2 ELSE b*10 END, CASE a+1 WHEN b THEN 111 WHEN c THEN 222 WHEN d THEN 333  WHEN e THEN 444 ELSE 555 END, a-b, (SELECT count(*) FROM t1 AS x WHERE x.c>t1.c AND x.d<t1.d) FROM t1 WHERE a>b AND (c<=d-2 OR c>=d+2) AND c>d ORDER BY 6,5,4,2,3,1
----

query IIIIIII rowsort
SELECT b, a-b, c, abs(b-c), d-e, CASE WHEN c>(SELECT avg(c) FROM t1) THEN a*2 ELSE b*10 END, b-c FROM t1 WHERE EXISTS(SELECT 1 FROM t1 AS x WHERE x.b<t1.b) ORDER BY 1,6,4,5,2,7,3
----
49 values hashing to 9404d466624c062e0cc9bd0fb7ecb6b3

query IIIIIII rowsort
SELECT (SELECT count(*) FROM t1 AS x WHERE x.c>t1.c AND x.d<t1.d), b, a, cast(a+b*2+c*3+d*4+e*5 as bigint), CASE WHEN c>(SELECT avg(c) FROM t1) THEN a*2 ELSE b*10 END, CASE a+1 WHEN b THEN 111 WHEN c THEN 222 WHEN d THEN 333  WHEN e THEN 444 ELSE 555 END, cast(a+b*2+c*3 as bigint) FROM t1 WHERE a>b AND (e>c OR e<d) ORDER BY 3,7,2,5,6,4,1
----
21 values hashing to 7dddd16c76fd86f082afdb2b18870038

query IIIIIII rowsort
SELECT c-d, a-b, b, b-c, CASE WHEN c>(SELECT avg(c) FROM t1) THEN a*2 ELSE b*10 END, c, a+b*2 FROM t1 ORDER BY 1,5,4,3,2,6,7
----
56 values hashing to 17726ce1f8ce6c313059a18af16c5c23

query IIIIII rowsort
SELECT cast(a+b*2+c*3+d*4 as bigint), a, c-d, abs(b-c), b, CASE WHEN c>(SELECT avg(c) FROM t1) THEN a*2 ELSE b*10 END FROM t1 WHERE (e>c OR e<d) OR (c<=d-2 OR c>=d+2) ORDER BY 4,3,2,5,1,6
----
48 values hashing to e4a2f610304544be61a1494d7d2bc228

query IIIIII rowsort
SELECT a, cast(a+b*2+c*3+d*4+e*5 as bigint), b, CASE WHEN c>(SELECT avg(c) FROM t1) THEN a*2 ELSE b*10 END, e, a-b FROM t1 ORDER BY 1,4,5,3,6,2
----
48 values hashing to 2ff466e4f3e407415987e8e75fdcd76d

query IIIIIII rowsort
SELECT d, d-e, CASE WHEN c>(SELECT avg(c) FROM t1) THEN a*2 ELSE b*10 END, a+b*2, cast(a+b*2+c*3+d*4+e*5 as bigint), CASE WHEN a<b-3 THEN 111 WHEN a<=b THEN 222 WHEN a<b+3 THEN 333 ELSE 444 END, cast(a+b*2+c*3 as bigint) FROM t1 ORDER BY 3,2,4,5,7,1,6
----
56 values hashing to f2599e718f02bf02e872faf9c7c4f256

query IIIII rowsort
SELECT a, CASE WHEN c>(SELECT avg(c) FROM t1) THEN a*2 ELSE b*10 END, (SELECT count(*) FROM t1 AS x WHERE x.c>t1.c AND x.d<t1.d), cast(a+b*2+c*3+d*4 as bigint), b FROM t1 WHERE c>d OR d>e ORDER BY 2,5,1,3,4
----
35 values hashing to b24468d0c48b6093dad4d6dbd9a3cfbd

query IIII rowsort
SELECT c, (SELECT count(*) FROM t1 AS x WHERE x.c>t1.c AND x.d<t1.d), CASE WHEN c>(SELECT avg(c) FROM t1) THEN a*2 ELSE b*10 END, cast(a+b*2+c*3+d*4 as bigint) FROM t1 WHERE b>c OR (e>c OR e<d) OR d NOT BETWEEN 110 AND 150 ORDER BY 3,2,1,4
----
28 values hashing to 5de96c1ced0e3e3bb1f916e609d0592e

statement ok
DROP TABLE t1


