statement ok
CREATE TABLE bar (name CHAR(8), ct INTEGER, ct2 INTEGER)

statement ok
INSERT INTO bar VALUES ('A', 123, 456)

statement ok
CREATE TABLE foo AS SELECT cast(SUM(ct + ct2) as bigint) / 100.0 AS eur FROM bar GROUP BY name WITH DATA

query TTTT rowsort
select "name", "query", "type", "remark" from describe_table('sys', 'foo')
----
foo
NULL
TABLE
NULL

query TTIITTITT rowsort
select * from describe_columns('sys', 'foo')
----
eur
decimal
23
3
True
NULL
0
DECIMAL(23,3)
NULL

statement ok
DROP TABLE foo

statement ok
DROP TABLE bar


