statement ok
START TRANSACTION

statement ok
create table foo (a smallint)

statement ok
insert into foo values (1), (200)

query TTT rowsort
select '',false,a=200 from foo union all select '',null,a=200 from foo
----
12 values hashing to af051c6834fdd22d32c035ac38c3317b

query II rowsort
select count(y),cast(sum(z)as bigint) from (select '',false,a=200 from foo union all select '',null,a=200 from foo) as t(x,y,z) group by x
----
2
2

statement ok
ROLLBACK


