statement ok
START TRANSACTION

statement ok
CREATE SEQUENCE "seq_3978" AS INTEGER

statement ok
CREATE TABLE "sys"."entrants" (
    "id" int NOT NULL DEFAULT next value for "sys"."seq_3978",
    "name" varchar(255) NOT NULL,
    "course_id" int NOT NULL,
    CONSTRAINT "entrants_id_pkey" PRIMARY KEY ("id")
)

query ITI rowsort
COPY 3 RECORDS INTO "entrants" FROM stdin USING DELIMITERS E'\t', E'\n', '"'
<COPY_INTO_DATA>
3
Java Lover
2

statement ok
drop table entrants

statement ok
START TRANSACTION

statement ok
CREATE SEQUENCE "seq_3901" AS INTEGER

statement ok
CREATE TABLE "sys"."developers" (
    "id" int NOT NULL DEFAULT next value for "sys"."seq_3901",
    "name" varchar(100),
    "salary" int DEFAULT 70000,
    "created_at" timestamp(7),
    "updated_at" timestamp(7),
    CONSTRAINT "developers_id_pkey" PRIMARY KEY ("id")
)

statement ok
COPY 11 RECORDS INTO "developers" FROM stdin USING DELIMITERS E'\t', E'\n', '"'
<COPY_INTO_DATA>
5	"fixture_5"	100000	2008-06-10 19:13:40.000000	2008-06-10 19:13:40.000000
6	"fixture_6"	100000	2008-06-10 19:13:40.000000	2008-06-10 19:13:40.000000
7	"fixture_7"	100000	2008-06-10 19:13:40.000000	2008-06-10 19:13:40.000000
11	"Jamis"	9000	2008-06-10 19:13:40.000000	2008-06-10 19:13:40.000000
8	"fixture_8"	100000	2008-06-10 19:13:40.000000	2008-06-10 19:13:40.000000
9	"fixture_9"	100000	2008-06-10 19:13:40.000000	2008-06-10 19:13:40.000000
2	"Jamis"	150000	2008-06-10 19:13:40.000000	2008-06-10 19:13:40.000000
10	"fixture_10"	100000	2008-06-10 19:13:40.000000	2008-06-10 19:13:40.000000
3	"fixture_3"	100000	2008-06-10 19:13:40.000000	2008-06-10 19:13:40.000000
1	"David"	80000	2008-06-10 19:13:40.000000	2008-06-10 19:13:40.000000
4	"fixture_4"	100000	2008-06-10 19:13:40.000000	2008-06-10 19:13:40.000000

statement ok
COMMIT

query ITITT rowsort
SELECT * FROM "developers"   WHERE (salary = 100000)  ORDER BY id DESC
----
40 values hashing to 0f2179c5efd6200c5d40a2e5d3c5a354

query ITITT rowsort
SELECT * FROM "developers"   WHERE (salary = 100000)  ORDER BY id DESC LIMIT 3 OFFSET 7
----
3
fixture_3
100000
2008-06-10 19:13:40
2008-06-10 19:13:40

statement ok
drop table developers


