statement ok
create table t1 (id int, name varchar(1024), PRIMARY KEY(id))

statement ok
create table t2 (id int, age int, PRIMARY KEY (ID), FOREIGN KEY(id) REFERENCES t1(id))

statement ok
ALTER TABLE t1 DROP CONSTRAINT t1_id_pkey CASCADE

query T rowsort
select name from sys.tables where name = 't1'
----
t1

query T rowsort
select name from sys.tables where name = 't2'
----
t2

query T rowsort
select name from sys.keys where name not in ('files_pkey_file_id', 'sq_pkey_sn_file_id', 'sq_fkey_file_id', 'rg_pkey_id_file_id', 'rg_fkey_file_id', 'pg_pkey_id_file_id', 'pg_fkey_file_id', 'spatial_ref_sys_srid_pkey', 'comments_id_pkey')
----
16 values hashing to 280298940146bbe4f881b8e5f4419dc5

statement ok
drop table t1

statement ok
drop table t2


